Person_ID,Sleep_Hours,Bedtime_Hour,Wakeup_Hour,Sleep_Quality,Caffeine_Intake_mg,Electronic_Use_before_Bed_hrs,Daily_Productivity_Score
1,,21.15714592843367,8.210158230771441,5,87,2.053304674769572,1.0
2,10.342066418052578,0.1820520563189021,5.4206998249752445,4,152,0.9329122896981112,3.0
3,7.497805311199245,22.571779905381632,5.808143570473071,3,103,-1.5,4.0
4,8.578509459823996,23.542853455823515,9.492770942635396,4,362,3.4525540879560155,1.0
5,4.658876496715267,1.5378323696304648,8.032145298297948,5,218,3.5214398745536672,1.0
6,4.459206524682728,22.246461145744377,5.0459852580831495,2,314,0.946740774728315,8.0
7,4.16817321419858,23.05191461517815,5.507357714330162,4,139,-0.5,2.0
8,9.02745673988297,0.7777556927152425,8.317508845540274,2,43,2.3675549552851374,8.0
9,7.232814239572988,22.14399082745811,5.025307919231093,3,366,1.4008729868012542,
10,8.933059960221861,21.384899549143967,5.804040257087493,1,210,2.8327247823327992,10.0
11,4.214238405334354,22.44875726456884,7.74366894683293,3,254,1.9266679518564611,10.0
12,,21.80610643627002,8.459475988463467,4,218,1.511950360489018,2.0
13,9.076394761279927,1.6484882617128631,8.259806297513002,2,209,2.8203374571866395,6.0
14,4.907547225399274,1.0406018978220857,6.1213465473028,2,391,0.9948966177211518,6.0
15,5.404612884160109,0.1670187825521161,33.56089610673768,5,356,1.321010116076394,3.0
16,,1.357302950938589,6.186245437484001,2,159,1.7378073779530854,2.0
17,6.254276671190299,1.0183603844955726,6.626998490796339,5,250,-3.0,1.0
18,7.982656723165296,21.932850294430175,8.732457025590122,1,134,1.6208083471256685,6.0
19,7.2884217397233435,1.46279499244989,8.248164495236075,4,141,2.2858921008200426,5.0
20,5.936525018893761,23.69671120957825,9.246117052470892,5,39,2.963895443642673,9.0
21,7.514673721363644,1.0372007758203132,8.288064461501719,1,58,3.068779412434287,1.0
22,4.83762708738074,1.4804564996174676,7.841543016677356,2,134,3.291161407506773,7.0
23,5.761492207549297,22.59001737485932,5.468373839140462,2,151,2.976846627773192,5.0
24,6.956294457379106,21.550259622638382,6.838579015297167,1,227,2.724157708387636,5.0
25,5.951922987515362,22.139675812709708,6.3260118384086255,2,233,0.9500258851698796,2.0
26,8.929998233377294,23.13553894313128,6.219948216895418,1,75,1.6008915714880994,3.0
27,5.967782874749617,1.0900738296124644,9.86505277376223,5,226,1.910859563520911,7.0
28,7.5717664819262955,1.3036529162817168,6.965488623333801,5,328,0.3315652867734169,6.0
29,7.2671570691113665,21.034760652655955,9.460232775885563,1,138,2.1134804851888367,2.0
30,4.409631569638072,23.55373651288783,8.155693129986318,5,45,1.745343326426224,6.0
31,7.0327189842023525,23.087055015743896,8.974056517708242,5,297,3.2084369961069363,2.0
32,,22.11053905235365,32.513185465525964,5,0,3.9116026750170834,2.0
33,4.837253886584507,21.59932683666841,7.884519423131795,3,323,2.224020154570338,2.0
34,9.199568856944381,22.68807585701814,7.462588469094321,4,401,1.290745553110335,3.0
35,9.574687195449169,1.714548519562598,5.976214938990221,2,252,0.173603133192691,2.0
36,9.576512902822959,22.616014660103776,8.612260576307527,3,9962,3.698573320894384,4.0
37,6.174491897874424,23.593953108716832,6.40386181220428,5,338,3.6764628611146377,9.0
38,4.912945645431255,0.515094794475889,5.12157983215727,1,90,1.0119606719569645,6.0
39,8.475804825970707,22.81814801189647,8.227361479535837,5,114,2.78164449242659,1.0
40,6.313668508982501,1.858910413604804,5.885553397035245,4,400,0.301738188359077,8.0
41,4.729950042796595,1.812236474710556,9.702292921764569,5,196,0.6648617276370117,
42,6.4301991145040205,22.25891147912682,9.769642885012937,1,7968,0.8672364263459649,10.0
43,5.163554325922135,23.48624252946193,9.574321951102242,4,368,1.1779757873577197,3.0
44,9.943505020106016,22.50439154908385,6.850793501277224,5,163,-1.0,1.0
45,6.719679995025757,22.424202471887337,5.077283082644335,4,0,2.7877002234552597,5.0
46,7.611522928091779,21.184434736772666,9.641592812938626,2,185,1.5368073255168797,
47,5.776795871209317,0.0478216698994842,7.140920741586569,2,139,2.948402823372077,10.0
48,7.689173065110257,23.51339511614431,9.83327409521835,5,430,3.6610173666764254,8.0
49,7.472961163729651,21.257393756249947,9.818099885446266,4,260,3.8348096296313847,1.0
50,5.228221136352933,22.393232321183056,9.265047277336803,1,92,0.2314555910308295,
51,9.487716065386365,1.5413294298332687,6.47224446034793,5,244,1.5780871944325194,1.0
52,8.635883432711653,22.197809453334862,31.925488643009626,2,296,0.4270242637435375,4.0
53,,21.724474360456117,9.255683357584289,2,181,1.3426402591878528,8.0
54,9.939449615753897,23.447263801387816,6.584610025781387,5,197,0.6787196155822621,5.0
55,8.087148955504137,1.9282522705530027,5.847463733430462,4,371,2.587393446674896,2.0
56,9.665102431243998,22.210276357557504,7.784006312291751,2,62,1.5530735359594887,6.0
57,3.4484528060642985,0.3606777370293912,9.680773870803904,4,299,0.9175789828197988,5.0
58,5.62823693800123,0.8080980766435886,8.48014898337486,2,368,1.0637516998569558,2.0
59,3.2238449164390293,22.188187719962,7.850305850446823,2,135,1.441380380821073,3.0
60,6.292059955869238,0.6410817430592992,5.485882468853845,3,322,1.0397994514170508,9.0
61,5.15265269841483,22.838915663596268,33.07503613349585,2,82,1.812963387315324,7.0
62,5.9962953155861625,0.1615291529678977,9.950269250521316,1,135,0.1292638044386018,7.0
63,8.112435601777857,0.1676485538044723,5.7004200761826205,5,414,1.1190540286757829,6.0
64,6.370077209801228,23.678873420373797,7.591648261818683,5,0,1.644826883488745,8.0
65,,21.45144885027204,9.386865359639778,4,373,2.411127528093194,4.0
66,,1.17651247794619,8.703843088771023,2,47,1.0838305700605195,8.0
67,4.260343785268658,22.60390032485868,8.485078704976338,1,195,0.5327405008949988,4.0
68,,21.93259255199927,8.512420419935545,4,188,0.3048015183966526,8.0
69,5.071314536560484,21.20387570777382,6.797455756098778,3,57,3.7621273085415337,9.0
70,9.193947605047525,23.95446471594121,6.467959221322467,4,3,1.6665562309539168,3.0
71,9.09722908766776,0.3878218092114132,9.046805777392564,4,59,2.324650484723305,3.0
72,5.0941984441801145,21.08293914463928,9.050566973395902,2,149,3.6767062073422383,2.0
73,3.7069309146422005,23.560465291496406,9.33536159290052,3,0,0.3309936801412245,10.0
74,8.019507109506566,22.13247887598969,9.566202762782352,4,183,3.506645943703171,3.0
75,8.485539774226734,0.2258639520472485,7.556711994304688,1,369,2.20635149017628,3.0
76,,21.87183214502496,7.507581473435998,1,248,0.6593370445480038,5.0
77,9.324310407864159,0.4546886905123308,8.991475894833876,5,159,1.6450204663414765,5.0
78,4.4968371707323085,22.93367673150269,8.249819653888828,3,0,-2.0,2.0
79,6.887054358235321,1.6836499436836725,8.509834386288517,3,148,1.9214803274654184,10.0
80,4.643319264194685,21.687604720729965,8.978963347180503,5,225,3.941144202662018,6.0
81,9.25154129436765,22.705331755251294,34.45002670908783,4,226,1.506955879751763,5.0
82,7.384623032558392,21.567367606202943,6.68997578425768,3,272,2.998313199904288,6.0
83,,1.623468091392816,6.877914763199719,1,304,1.5719577959154365,1.0
84,4.8180278366469445,1.3866967669049046,5.469909699204344,1,181,3.3166568828260576,5.0
85,5.300528210903458,22.28970813857578,7.891400704980871,2,249,2.2763258766629906,9.0
86,5.958387427157626,0.2999202301708941,5.17971136898371,3,27,0.2540473183600054,10.0
87,9.324373282254522,1.0861110010060813,7.327990090662301,4,39,0.1472874705439655,2.0
88,7.098007340312595,23.776004057997312,7.713223173537884,5,44,0.5354084752025328,1.0
89,9.144759878597865,23.648252891780032,6.432706260641421,5,278,0.0546878593079891,10.0
90,7.329526969383259,22.209261454502258,7.954166302845053,4,202,0.3014362414098492,9.0
91,4.915695005979074,21.46551383902949,5.1525012496952485,2,0,2.766857588675648,10.0
92,8.217489185057122,1.4860787897666334,5.186740943746074,5,153,2.1373851001178523,
93,8.651857010671513,1.502090285816653,9.113002803298292,3,155,2.9996429978798878,9.0
94,8.042960138813454,0.1655072863663385,6.800953207056317,2,158,3.6526630090305714,6.0
95,7.8061671338305905,22.695148955243504,5.635302563259423,3,210,2.340598129301888,8.0
96,6.770984588448326,22.746047873063304,7.611216300274023,1,379,2.9044833762873923,1.0
97,6.54818165014425,0.6297783943511988,8.849967765493055,2,279,3.0283248081698235,10.0
98,5.8149056004077035,1.4855512997628857,6.079105137484216,5,107,1.5114021971031455,4.0
99,3.5004806749760133,1.4354321213255865,8.114452379094999,2,0,0.9643393293185274,1.0
100,5.5276008070911224,0.8993777292881191,5.42673732496884,2,0,0.8201813140260996,8.0
1,,21.15714592843367,8.210158230771441,5,124,2.053304674769572,1.0
2,9.337503660394812,0.1820520563189021,5.4206998249752445,4,150,0.9329122896981112,3.0
3,8.133622779063327,22.571779905381632,5.808143570473071,3,114,-1.5,4.0
4,7.916539599687434,23.542853455823515,9.492770942635396,4,349,3.4525540879560155,1.0
5,4.8807231551950565,1.5378323696304648,8.032145298297948,5,203,3.5214398745536672,1.0
6,5.099009856540667,22.246461145744377,5.0459852580831495,2,285,0.946740774728315,8.0
7,4.383595160959573,23.05191461517815,5.507357714330162,4,151,-0.5,2.0
8,9.116883785284363,0.7777556927152425,8.317508845540274,2,45,2.3675549552851374,8.0
9,7.978043151322679,22.14399082745811,5.025307919231093,3,418,1.4008729868012542,
10,8.991996804775244,21.384899549143967,5.804040257087493,1,179,2.8327247823327992,10.0
11,5.142659747224876,22.44875726456884,7.74366894683293,3,254,1.9266679518564611,10.0
12,,21.80610643627002,8.459475988463467,4,294,1.511950360489018,2.0
13,8.687602580719354,1.6484882617128631,8.259806297513002,2,191,2.8203374571866395,6.0
14,5.809786954954637,1.0406018978220857,6.1213465473028,2,432,0.9948966177211518,6.0
15,4.414819666295302,0.1670187825521161,33.56089610673768,5,338,1.321010116076394,3.0
16,,1.357302950938589,6.186245437484001,2,222,1.7378073779530854,2.0
17,6.065069808194815,1.0183603844955726,6.626998490796339,5,258,-3.0,1.0
18,7.0339723161059355,21.932850294430175,8.732457025590122,1,206,1.6208083471256685,6.0
19,6.2960063708864356,1.46279499244989,8.248164495236075,4,71,2.2858921008200426,5.0
20,5.547086424204792,23.69671120957825,9.246117052470892,5,30,2.963895443642673,9.0
21,8.265615453594505,1.0372007758203132,8.288064461501719,1,115,3.068779412434287,1.0
22,4.650457677059951,1.4804564996174676,7.841543016677356,2,105,3.291161407506773,7.0
23,5.804243212513694,22.59001737485932,5.468373839140462,2,159,2.976846627773192,5.0
24,5.787081710238838,21.550259622638382,6.838579015297167,1,172,2.724157708387636,5.0
25,6.676840144224954,22.139675812709708,6.3260118384086255,2,247,0.9500258851698796,2.0
26,9.020219903511663,23.13553894313128,6.219948216895418,1,50,1.6008915714880994,3.0
27,5.246309341771709,1.0900738296124644,9.86505277376223,5,245,1.910859563520911,7.0
28,7.146323747011614,1.3036529162817168,6.965488623333801,5,391,0.3315652867734169,6.0
29,7.105359721458785,21.034760652655955,9.460232775885563,1,153,2.1134804851888367,2.0
30,4.479218351695551,23.55373651288783,8.155693129986318,5,20,1.745343326426224,6.0
31,7.907347066583931,23.087055015743896,8.974056517708242,5,285,3.2084369961069363,2.0
32,,22.11053905235365,32.513185465525964,5,0,3.9116026750170834,2.0
33,4.26080003822073,21.59932683666841,7.884519423131795,3,373,2.224020154570338,2.0
34,9.875283719726628,22.68807585701814,7.462588469094321,4,375,1.290745553110335,3.0
35,8.74330626089317,1.714548519562598,5.976214938990221,2,255,0.173603133192691,2.0
36,8.766157652015943,22.616014660103776,8.612260576307527,3,10009,3.698573320894384,4.0
37,4.8217107471735545,23.593953108716832,6.40386181220428,5,341,3.6764628611146377,9.0
38,4.945741907139594,0.515094794475889,5.12157983215727,1,68,1.0119606719569645,6.0
39,7.088810325713162,22.81814801189647,8.227361479535837,5,129,2.78164449242659,1.0
40,6.131954616112338,1.858910413604804,5.885553397035245,4,377,0.301738188359077,8.0
41,5.644955829863332,1.812236474710556,9.702292921764569,5,171,0.6648617276370117,
42,7.255888402774568,22.25891147912682,9.769642885012937,1,7964,0.8672364263459649,10.0
43,4.446790552681291,23.48624252946193,9.574321951102242,4,438,1.1779757873577197,3.0
44,10.012112021050035,22.50439154908385,6.850793501277224,5,224,-1.0,1.0
45,5.803630444121305,22.424202471887337,5.077283082644335,4,31,2.7877002234552597,5.0
46,7.771369797428459,21.184434736772666,9.641592812938626,2,182,1.5368073255168797,
47,6.318578850151377,0.0478216698994842,7.140920741586569,2,89,2.948402823372077,10.0
48,7.141358572098874,23.51339511614431,9.83327409521835,5,377,3.6610173666764254,8.0
49,6.687952238850481,21.257393756249947,9.818099885446266,4,198,3.8348096296313847,1.0
50,4.841604366705046,22.393232321183056,9.265047277336803,1,101,0.2314555910308295,
51,9.800081892517806,1.5413294298332687,6.47224446034793,5,310,1.5780871944325194,1.0
52,9.075035992234838,22.197809453334862,31.925488643009626,2,271,0.4270242637435375,4.0
53,,21.724474360456117,9.255683357584289,2,207,1.3426402591878528,8.0
54,9.196289281845148,23.447263801387816,6.584610025781387,5,209,0.6787196155822621,5.0
55,7.2696893524840664,1.9282522705530027,5.847463733430462,4,347,2.587393446674896,2.0
56,8.928391320120554,22.210276357557504,7.784006312291751,2,19,1.5530735359594887,6.0
57,4.9023132069748065,0.3606777370293912,9.680773870803904,4,348,0.9175789828197988,5.0
58,4.524921279276294,0.8080980766435886,8.48014898337486,2,400,1.0637516998569558,2.0
59,3.892346673161134,22.188187719962,7.850305850446823,2,159,1.441380380821073,3.0
60,5.867245054754569,0.6410817430592992,5.485882468853845,3,333,1.0397994514170508,9.0
61,6.014752551188617,22.838915663596268,33.07503613349585,2,87,1.812963387315324,7.0
62,5.4205354993352595,0.1615291529678977,9.950269250521316,1,76,0.1292638044386018,7.0
63,9.635138488118956,0.1676485538044723,5.7004200761826205,5,382,1.1190540286757829,6.0
64,6.726842776533811,23.678873420373797,7.591648261818683,5,0,1.644826883488745,8.0
65,,21.45144885027204,9.386865359639778,4,397,2.411127528093194,4.0
66,,1.17651247794619,8.703843088771023,2,61,1.0838305700605195,8.0
67,5.140152643460491,22.60390032485868,8.485078704976338,1,169,0.5327405008949988,4.0
68,,21.93259255199927,8.512420419935545,4,139,0.3048015183966526,8.0
69,3.8562783186328895,21.20387570777382,6.797455756098778,3,16,3.7621273085415337,9.0
70,9.98648234354438,23.95446471594121,6.467959221322467,4,31,1.6665562309539168,3.0
71,8.225534489498441,0.3878218092114132,9.046805777392564,4,76,2.324650484723305,3.0
72,4.4999381938068,21.08293914463928,9.050566973395902,2,147,3.6767062073422383,2.0
73,3.839930084639472,23.560465291496406,9.33536159290052,3,17,0.3309936801412245,10.0
74,9.337578368576429,22.13247887598969,9.566202762782352,4,195,3.506645943703171,3.0
75,9.42088618565877,0.2258639520472485,7.556711994304688,1,446,2.20635149017628,3.0
76,,21.87183214502496,7.507581473435998,1,175,0.6593370445480038,5.0
77,8.279208084317471,0.4546886905123308,8.991475894833876,5,135,1.6450204663414765,5.0
78,5.296879155429727,22.93367673150269,8.249819653888828,3,0,-2.0,2.0
79,6.031690184787072,1.6836499436836725,8.509834386288517,3,184,1.9214803274654184,10.0
80,4.455534208028912,21.687604720729965,8.978963347180503,5,246,3.941144202662018,6.0
81,10.220041171213644,22.705331755251294,34.45002670908783,4,188,1.506955879751763,5.0
82,7.216607352988363,21.567367606202943,6.68997578425768,3,198,2.998313199904288,6.0
83,,1.623468091392816,6.877914763199719,1,311,1.5719577959154365,1.0
84,4.646325296261288,1.3866967669049046,5.469909699204344,1,128,3.3166568828260576,5.0
85,5.657509304994449,22.28970813857578,7.891400704980871,2,278,2.2763258766629906,9.0
86,5.779911886847235,0.2999202301708941,5.17971136898371,3,31,0.2540473183600054,10.0
87,9.037095226349464,1.0861110010060813,7.327990090662301,4,0,0.1472874705439655,2.0
88,8.11174174856862,23.776004057997312,7.713223173537884,5,54,0.5354084752025328,1.0
89,9.215787663243555,23.648252891780032,6.432706260641421,5,250,0.0546878593079891,10.0
90,6.460717745836542,22.209261454502258,7.954166302845053,4,256,0.3014362414098492,9.0
91,4.4924842177830575,21.46551383902949,5.1525012496952485,2,0,2.766857588675648,10.0
92,9.417618815184166,1.4860787897666334,5.186740943746074,5,216,2.1373851001178523,
93,8.715154322166152,1.502090285816653,9.113002803298292,3,138,2.9996429978798878,9.0
94,6.881166774004288,0.1655072863663385,6.800953207056317,2,212,3.6526630090305714,6.0
95,8.140031110955462,22.695148955243504,5.635302563259423,3,184,2.340598129301888,8.0
96,7.02086368459845,22.746047873063304,7.611216300274023,1,412,2.9044833762873923,1.0
97,7.8884183975333455,0.6297783943511988,8.849967765493055,2,324,3.0283248081698235,10.0
98,7.469305527696418,1.4855512997628857,6.079105137484216,5,79,1.5114021971031455,4.0
99,5.3549815957265965,1.4354321213255865,8.114452379094999,2,0,0.9643393293185274,1.0
100,4.227715479162897,0.8993777292881191,5.42673732496884,2,41,0.8201813140260996,8.0
1,,21.15714592843367,8.210158230771441,5,86,2.053304674769572,1.0
2,9.62669394881428,0.1820520563189021,5.4206998249752445,4,75,0.9329122896981112,3.0
3,8.310505909856287,22.571779905381632,5.808143570473071,3,74,-1.5,4.0
4,7.864513277720035,23.542853455823515,9.492770942635396,4,415,3.4525540879560155,1.0
5,4.968402720071647,1.5378323696304648,8.032145298297948,5,214,3.5214398745536672,1.0
6,4.469228881026131,22.246461145744377,5.0459852580831495,2,326,0.946740774728315,8.0
7,5.03172454510823,23.05191461517815,5.507357714330162,4,80,-0.5,2.0
8,9.599990299967592,0.7777556927152425,8.317508845540274,2,86,2.3675549552851374,8.0
9,7.660579540052666,22.14399082745811,5.025307919231093,3,354,1.4008729868012542,
10,8.709238700798885,21.384899549143967,5.804040257087493,1,180,2.8327247823327992,10.0
11,3.8754589690660266,22.44875726456884,7.74366894683293,3,228,1.9266679518564611,10.0
12,,21.80610643627002,8.459475988463467,4,217,1.511950360489018,2.0
13,9.613437258771844,1.6484882617128631,8.259806297513002,2,197,2.8203374571866395,6.0
14,6.212097508115584,1.0406018978220857,6.1213465473028,2,344,0.9948966177211518,6.0
15,5.55794734779793,0.1670187825521161,33.56089610673768,5,382,1.321010116076394,3.0
16,,1.357302950938589,6.186245437484001,2,185,1.7378073779530854,2.0
17,5.608681354592966,1.0183603844955726,6.626998490796339,5,247,-3.0,1.0
18,5.95970458167137,21.932850294430175,8.732457025590122,1,155,1.6208083471256685,6.0
19,6.437620933386139,1.46279499244989,8.248164495236075,4,51,2.2858921008200426,5.0
20,5.777266067794129,23.69671120957825,9.246117052470892,5,59,2.963895443642673,9.0
21,8.160773028451173,1.0372007758203132,8.288064461501719,1,92,3.068779412434287,1.0
22,4.520264809660705,1.4804564996174676,7.841543016677356,2,169,3.291161407506773,7.0
23,6.109234875960646,22.59001737485932,5.468373839140462,2,123,2.976846627773192,5.0
24,6.375672276958795,21.550259622638382,6.838579015297167,1,173,2.724157708387636,5.0
25,7.505164885691984,22.139675812709708,6.3260118384086255,2,231,0.9500258851698796,2.0
26,8.884974262445514,23.13553894313128,6.219948216895418,1,63,1.6008915714880994,3.0
27,5.041315889172862,1.0900738296124644,9.86505277376223,5,265,1.910859563520911,7.0
28,6.358025106262394,1.3036529162817168,6.965488623333801,5,349,0.3315652867734169,6.0
29,8.219878943010585,21.034760652655955,9.460232775885563,1,187,2.1134804851888367,2.0
30,4.7628180137280545,23.55373651288783,8.155693129986318,5,39,1.745343326426224,6.0
31,7.404984892714852,23.087055015743896,8.974056517708242,5,299,3.2084369961069363,2.0
32,,22.11053905235365,32.513185465525964,5,0,3.9116026750170834,2.0
33,5.186302537903497,21.59932683666841,7.884519423131795,3,357,2.224020154570338,2.0
34,9.696095324730317,22.68807585701814,7.462588469094321,4,359,1.290745553110335,3.0
35,9.35582496241494,1.714548519562598,5.976214938990221,2,250,0.173603133192691,2.0
36,8.837168650015157,22.616014660103776,8.612260576307527,3,9985,3.698573320894384,4.0
37,5.877266043248967,23.593953108716832,6.40386181220428,5,323,3.6764628611146377,9.0
38,4.381909303706608,0.515094794475889,5.12157983215727,1,33,1.0119606719569645,6.0
39,7.748817407319849,22.81814801189647,8.227361479535837,5,108,2.78164449242659,1.0
40,7.035574402682585,1.858910413604804,5.885553397035245,4,384,0.301738188359077,8.0
41,4.362697916471798,1.812236474710556,9.702292921764569,5,245,0.6648617276370117,
42,6.791292123793205,22.25891147912682,9.769642885012937,1,8014,0.8672364263459649,10.0
43,4.986841475474941,23.48624252946193,9.574321951102242,4,355,1.1779757873577197,3.0
44,9.861594617178474,22.50439154908385,6.850793501277224,5,141,-1.0,1.0
45,4.794737742763867,22.424202471887337,5.077283082644335,4,40,2.7877002234552597,5.0
46,7.850947657641542,21.184434736772666,9.641592812938626,2,190,1.5368073255168797,
47,5.493574881847172,0.0478216698994842,7.140920741586569,2,104,2.948402823372077,10.0
48,6.968162044799368,23.51339511614431,9.83327409521835,5,384,3.6610173666764254,8.0
49,6.958358744987199,21.257393756249947,9.818099885446266,4,242,3.8348096296313847,1.0
50,4.078106387653387,22.393232321183056,9.265047277336803,1,100,0.2314555910308295,
51,9.903227593048504,1.5413294298332687,6.47224446034793,5,292,1.5780871944325194,1.0
52,8.43023650573116,22.197809453334862,31.925488643009626,2,289,0.4270242637435375,4.0
53,,21.724474360456117,9.255683357584289,2,254,1.3426402591878528,8.0
54,9.600713701352865,23.447263801387816,6.584610025781387,5,228,0.6787196155822621,5.0
55,7.062613518189448,1.9282522705530027,5.847463733430462,4,422,2.587393446674896,2.0
56,9.516915270702379,22.210276357557504,7.784006312291751,2,64,1.5530735359594887,6.0
57,5.123588285348442,0.3606777370293912,9.680773870803904,4,297,0.9175789828197988,5.0
58,5.274994550442424,0.8080980766435886,8.48014898337486,2,397,1.0637516998569558,2.0
59,4.013348976154074,22.188187719962,7.850305850446823,2,147,1.441380380821073,3.0
60,5.7389374540556854,0.6410817430592992,5.485882468853845,3,404,1.0397994514170508,9.0
61,6.906066242861503,22.838915663596268,33.07503613349585,2,68,1.812963387315324,7.0
62,5.626395999008082,0.1615291529678977,9.950269250521316,1,88,0.1292638044386018,7.0
63,9.52538428563086,0.1676485538044723,5.7004200761826205,5,439,1.1190540286757829,6.0
64,5.990502586665597,23.678873420373797,7.591648261818683,5,18,1.644826883488745,8.0
65,,21.45144885027204,9.386865359639778,4,392,2.411127528093194,4.0
66,,1.17651247794619,8.703843088771023,2,79,1.0838305700605195,8.0
67,4.91741368008088,22.60390032485868,8.485078704976338,1,181,0.5327405008949988,4.0
68,,21.93259255199927,8.512420419935545,4,115,0.3048015183966526,8.0
69,4.666981597786736,21.20387570777382,6.797455756098778,3,87,3.7621273085415337,9.0
70,9.932935915751004,23.95446471594121,6.467959221322467,4,0,1.6665562309539168,3.0
71,8.315243054801446,0.3878218092114132,9.046805777392564,4,113,2.324650484723305,3.0
72,5.876899772977505,21.08293914463928,9.050566973395902,2,215,3.6767062073422383,2.0
73,3.9973153442757354,23.560465291496406,9.33536159290052,3,80,0.3309936801412245,10.0
74,9.249467869125537,22.13247887598969,9.566202762782352,4,165,3.506645943703171,3.0
75,8.351133692291372,0.2258639520472485,7.556711994304688,1,389,2.20635149017628,3.0
76,,21.87183214502496,7.507581473435998,1,182,0.6593370445480038,5.0
77,8.41583663241902,0.4546886905123308,8.991475894833876,5,145,1.6450204663414765,5.0
78,4.445288864935317,22.93367673150269,8.249819653888828,3,0,-2.0,2.0
79,5.627839309983627,1.6836499436836725,8.509834386288517,3,205,1.9214803274654184,10.0
80,5.3041528097543225,21.687604720729965,8.978963347180503,5,227,3.941144202662018,6.0
81,9.26200352357573,22.705331755251294,34.45002670908783,4,204,1.506955879751763,5.0
82,8.761879994472803,21.567367606202943,6.68997578425768,3,243,2.998313199904288,6.0
83,,1.623468091392816,6.877914763199719,1,374,1.5719577959154365,1.0
84,3.5022218365613433,1.3866967669049046,5.469909699204344,1,132,3.3166568828260576,5.0
85,5.949097702432262,22.28970813857578,7.891400704980871,2,202,2.2763258766629906,9.0
86,7.489243396314915,0.2999202301708941,5.17971136898371,3,79,0.2540473183600054,10.0
87,7.612858825471864,1.0861110010060813,7.327990090662301,4,9,0.1472874705439655,2.0
88,8.650120130282737,23.776004057997312,7.713223173537884,5,104,0.5354084752025328,1.0
89,9.691524130783172,23.648252891780032,6.432706260641421,5,243,0.0546878593079891,10.0
90,7.901690886944829,22.209261454502258,7.954166302845053,4,190,0.3014362414098492,9.0
91,5.3864584211076885,21.46551383902949,5.1525012496952485,2,18,2.766857588675648,10.0
92,8.573926572590816,1.4860787897666334,5.186740943746074,5,162,2.1373851001178523,
93,8.694216430019125,1.502090285816653,9.113002803298292,3,91,2.9996429978798878,9.0
94,6.713021575565782,0.1655072863663385,6.800953207056317,2,164,3.6526630090305714,6.0
95,8.822952915735904,22.695148955243504,5.635302563259423,3,187,2.340598129301888,8.0
96,6.829779542609911,22.746047873063304,7.611216300274023,1,391,2.9044833762873923,1.0
97,7.06392445752356,0.6297783943511988,8.849967765493055,2,289,3.0283248081698235,10.0
98,6.9020279590422495,1.4855512997628857,6.079105137484216,5,119,1.5114021971031455,4.0
99,4.383225485588715,1.4354321213255865,8.114452379094999,2,0,0.9643393293185274,1.0
100,4.223587364145422,0.8993777292881191,5.42673732496884,2,21,0.8201813140260996,8.0
1,,21.15714592843367,8.210158230771441,5,101,2.053304674769572,1.0
2,9.821743439720542,0.1820520563189021,5.4206998249752445,4,143,0.9329122896981112,3.0
3,8.687025921916632,22.571779905381632,5.808143570473071,3,92,-1.5,4.0
4,7.612729025001821,23.542853455823515,9.492770942635396,4,345,3.4525540879560155,1.0
5,5.0843318696238375,1.5378323696304648,8.032145298297948,5,200,3.5214398745536672,1.0
6,4.923466637604229,22.246461145744377,5.0459852580831495,2,321,0.946740774728315,8.0
7,3.8074121148285123,23.05191461517815,5.507357714330162,4,96,-0.5,2.0
8,9.57808916280097,0.7777556927152425,8.317508845540274,2,36,2.3675549552851374,8.0
9,7.809964137115319,22.14399082745811,5.025307919231093,3,407,1.4008729868012542,
10,8.191520360005391,21.384899549143967,5.804040257087493,1,233,2.8327247823327992,10.0
11,3.948312082741277,22.44875726456884,7.74366894683293,3,279,1.9266679518564611,10.0
12,,21.80610643627002,8.459475988463467,4,279,1.511950360489018,2.0
13,9.456072385726378,1.6484882617128631,8.259806297513002,2,199,2.8203374571866395,6.0
14,6.112964925881873,1.0406018978220857,6.1213465473028,2,387,0.9948966177211518,6.0
15,5.22209525558164,0.1670187825521161,33.56089610673768,5,309,1.321010116076394,3.0
16,,1.357302950938589,6.186245437484001,2,179,1.7378073779530854,2.0
17,5.999256197672945,1.0183603844955726,6.626998490796339,5,219,-3.0,1.0
18,6.58922841848075,21.932850294430175,8.732457025590122,1,152,1.6208083471256685,6.0
19,6.650193379042476,1.46279499244989,8.248164495236075,4,72,2.2858921008200426,5.0
20,5.393775376028675,23.69671120957825,9.246117052470892,5,43,2.963895443642673,9.0
21,7.727240677088223,1.0372007758203132,8.288064461501719,1,47,3.068779412434287,1.0
22,4.537930183762159,1.4804564996174676,7.841543016677356,2,195,3.291161407506773,7.0
23,6.1720085219875935,22.59001737485932,5.468373839140462,2,157,2.976846627773192,5.0
24,6.275683147897335,21.550259622638382,6.838579015297167,1,194,2.724157708387636,5.0
25,6.0902769204965255,22.139675812709708,6.3260118384086255,2,196,0.9500258851698796,2.0
26,7.939252860089277,23.13553894313128,6.219948216895418,1,36,1.6008915714880994,3.0
27,5.193986386114221,1.0900738296124644,9.86505277376223,5,308,1.910859563520911,7.0
28,6.259310855610683,1.3036529162817168,6.965488623333801,5,414,0.3315652867734169,6.0
29,8.105092087323474,21.034760652655955,9.460232775885563,1,181,2.1134804851888367,2.0
30,3.5285125194387135,23.55373651288783,8.155693129986318,5,0,1.745343326426224,6.0
31,7.834922776050099,23.087055015743896,8.974056517708242,5,229,3.2084369961069363,2.0
32,,22.11053905235365,32.513185465525964,5,0,3.9116026750170834,2.0
33,5.0339303426110344,21.59932683666841,7.884519423131795,3,309,2.224020154570338,2.0
34,9.79877332335742,22.68807585701814,7.462588469094321,4,407,1.290745553110335,3.0
35,9.721766950543316,1.714548519562598,5.976214938990221,2,318,0.173603133192691,2.0
36,9.033065016736556,22.616014660103776,8.612260576307527,3,9955,3.698573320894384,4.0
37,5.522824087148399,23.593953108716832,6.40386181220428,5,414,3.6764628611146377,9.0
38,3.8673864237904443,0.515094794475889,5.12157983215727,1,18,1.0119606719569645,6.0
39,7.641983470428128,22.81814801189647,8.227361479535837,5,38,2.78164449242659,1.0
40,7.013841062156071,1.858910413604804,5.885553397035245,4,391,0.301738188359077,8.0
41,4.754945978301151,1.812236474710556,9.702292921764569,5,264,0.6648617276370117,
42,7.796754993585321,22.25891147912682,9.769642885012937,1,8017,0.8672364263459649,10.0
43,4.661967637339424,23.48624252946193,9.574321951102242,4,390,1.1779757873577197,3.0
44,9.519526023475455,22.50439154908385,6.850793501277224,5,165,-1.0,1.0
45,5.995570710328934,22.424202471887337,5.077283082644335,4,24,2.7877002234552597,5.0
46,8.882036257322055,21.184434736772666,9.641592812938626,2,191,1.5368073255168797,
47,6.235341003571981,0.0478216698994842,7.140920741586569,2,70,2.948402823372077,10.0
48,7.0048571175858765,23.51339511614431,9.83327409521835,5,371,3.6610173666764254,8.0
49,7.591889649437313,21.257393756249947,9.818099885446266,4,268,3.8348096296313847,1.0
50,5.538669444403352,22.393232321183056,9.265047277336803,1,61,0.2314555910308295,
51,10.267358980282681,1.5413294298332687,6.47224446034793,5,215,1.5780871944325194,1.0
52,8.762113130515841,22.197809453334862,31.925488643009626,2,309,0.4270242637435375,4.0
53,,21.724474360456117,9.255683357584289,2,178,1.3426402591878528,8.0
54,9.332177461649636,23.447263801387816,6.584610025781387,5,268,0.6787196155822621,5.0
55,7.541386154032683,1.9282522705530027,5.847463733430462,4,344,2.587393446674896,2.0
56,9.473925814424629,22.210276357557504,7.784006312291751,2,53,1.5530735359594887,6.0
57,4.066237546945634,0.3606777370293912,9.680773870803904,4,386,0.9175789828197988,5.0
58,5.319639337865224,0.8080980766435886,8.48014898337486,2,398,1.0637516998569558,2.0
59,4.136659103249623,22.188187719962,7.850305850446823,2,186,1.441380380821073,3.0
60,6.390782010243533,0.6410817430592992,5.485882468853845,3,353,1.0397994514170508,9.0
61,5.443348341701803,22.838915663596268,33.07503613349585,2,100,1.812963387315324,7.0
62,5.084697206079894,0.1615291529678977,9.950269250521316,1,104,0.1292638044386018,7.0
63,8.174974915200902,0.1676485538044723,5.7004200761826205,5,439,1.1190540286757829,6.0
64,5.458828725195209,23.678873420373797,7.591648261818683,5,38,1.644826883488745,8.0
65,,21.45144885027204,9.386865359639778,4,395,2.411127528093194,4.0
66,,1.17651247794619,8.703843088771023,2,79,1.0838305700605195,8.0
67,3.3053572240008853,22.60390032485868,8.485078704976338,1,141,0.5327405008949988,4.0
68,,21.93259255199927,8.512420419935545,4,162,0.3048015183966526,8.0
69,4.367702024152615,21.20387570777382,6.797455756098778,3,35,3.7621273085415337,9.0
70,9.836553827986993,23.95446471594121,6.467959221322467,4,20,1.6665562309539168,3.0
71,8.591972215511582,0.3878218092114132,9.046805777392564,4,60,2.324650484723305,3.0
72,4.609654134163809,21.08293914463928,9.050566973395902,2,173,3.6767062073422383,2.0
73,4.168820917918797,23.560465291496406,9.33536159290052,3,6,0.3309936801412245,10.0
74,8.76613739996542,22.13247887598969,9.566202762782352,4,135,3.506645943703171,3.0
75,8.241025332743671,0.2258639520472485,7.556711994304688,1,369,2.20635149017628,3.0
76,,21.87183214502496,7.507581473435998,1,185,0.6593370445480038,5.0
77,9.117798675533221,0.4546886905123308,8.991475894833876,5,145,1.6450204663414765,5.0
78,4.914997752898653,22.93367673150269,8.249819653888828,3,0,-2.0,2.0
79,6.598094847356643,1.6836499436836725,8.509834386288517,3,151,1.9214803274654184,10.0
80,5.000135453087032,21.687604720729965,8.978963347180503,5,235,3.941144202662018,6.0
81,9.291426556676104,22.705331755251294,34.45002670908783,4,246,1.506955879751763,5.0
82,6.966077088803498,21.567367606202943,6.68997578425768,3,201,2.998313199904288,6.0
83,,1.623468091392816,6.877914763199719,1,348,1.5719577959154365,1.0
84,4.676522460507831,1.3866967669049046,5.469909699204344,1,107,3.3166568828260576,5.0
85,5.5205831231702405,22.28970813857578,7.891400704980871,2,191,2.2763258766629906,9.0
86,5.2339017912967,0.2999202301708941,5.17971136898371,3,114,0.2540473183600054,10.0
87,7.936765488422953,1.0861110010060813,7.327990090662301,4,0,0.1472874705439655,2.0
88,8.420034283751287,23.776004057997312,7.713223173537884,5,103,0.5354084752025328,1.0
89,8.997592817704849,23.648252891780032,6.432706260641421,5,215,0.0546878593079891,10.0
90,5.751208270638944,22.209261454502258,7.954166302845053,4,257,0.3014362414098492,9.0
91,5.223392753968508,21.46551383902949,5.1525012496952485,2,39,2.766857588675648,10.0
92,8.303932283502993,1.4860787897666334,5.186740943746074,5,166,2.1373851001178523,
93,8.795994165219865,1.502090285816653,9.113002803298292,3,139,2.9996429978798878,9.0
94,7.654685026079255,0.1655072863663385,6.800953207056317,2,154,3.6526630090305714,6.0
95,8.258306922908103,22.695148955243504,5.635302563259423,3,209,2.340598129301888,8.0
96,7.266220554017071,22.746047873063304,7.611216300274023,1,410,2.9044833762873923,1.0
97,7.343502997816506,0.6297783943511988,8.849967765493055,2,232,3.0283248081698235,10.0
98,6.712173889052182,1.4855512997628857,6.079105137484216,5,126,1.5114021971031455,4.0
99,4.641065691133865,1.4354321213255865,8.114452379094999,2,0,0.9643393293185274,1.0
100,4.950036514997452,0.8993777292881191,5.42673732496884,2,15,0.8201813140260996,8.0
1,,21.15714592843367,8.210158230771441,5,111,2.053304674769572,1.0
2,8.8895235639914,0.1820520563189021,5.4206998249752445,4,115,0.9329122896981112,3.0
3,8.678371595705789,22.571779905381632,5.808143570473071,3,54,-1.5,4.0
4,8.232619192472548,23.542853455823515,9.492770942635396,4,363,3.4525540879560155,1.0
5,4.19425597018221,1.5378323696304648,8.032145298297948,5,186,3.5214398745536672,1.0
6,4.696785215044712,22.246461145744377,5.0459852580831495,2,263,0.946740774728315,8.0
7,4.63429113773125,23.05191461517815,5.507357714330162,4,92,-0.5,2.0
8,8.881888293687771,0.7777556927152425,8.317508845540274,2,69,2.3675549552851374,8.0
9,8.256438879304119,22.14399082745811,5.025307919231093,3,417,1.4008729868012542,
10,8.909377205960075,21.384899549143967,5.804040257087493,1,190,2.8327247823327992,10.0
11,4.548390773549468,22.44875726456884,7.74366894683293,3,307,1.9266679518564611,10.0
12,,21.80610643627002,8.459475988463467,4,286,1.511950360489018,2.0
13,8.150399072135658,1.6484882617128631,8.259806297513002,2,207,2.8203374571866395,6.0
14,5.764348572795973,1.0406018978220857,6.1213465473028,2,397,0.9948966177211518,6.0
15,5.283595842663347,0.1670187825521161,33.56089610673768,5,396,1.321010116076394,3.0
16,,1.357302950938589,6.186245437484001,2,230,1.7378073779530854,2.0
17,5.733988772440261,1.0183603844955726,6.626998490796339,5,205,-3.0,1.0
18,8.006258473674517,21.932850294430175,8.732457025590122,1,141,1.6208083471256685,6.0
19,6.167918132679906,1.46279499244989,8.248164495236075,4,124,2.2858921008200426,5.0
20,6.667792643237181,23.69671120957825,9.246117052470892,5,32,2.963895443642673,9.0
21,7.134671370327673,1.0372007758203132,8.288064461501719,1,121,3.068779412434287,1.0
22,4.582068051709341,1.4804564996174676,7.841543016677356,2,113,3.291161407506773,7.0
23,5.29669418296261,22.59001737485932,5.468373839140462,2,162,2.976846627773192,5.0
24,6.112049008073859,21.550259622638382,6.838579015297167,1,234,2.724157708387636,5.0
25,6.56508957829966,22.139675812709708,6.3260118384086255,2,232,0.9500258851698796,2.0
26,8.881876255582194,23.13553894313128,6.219948216895418,1,47,1.6008915714880994,3.0
27,4.827242561465099,1.0900738296124644,9.86505277376223,5,306,1.910859563520911,7.0
28,7.072342091687552,1.3036529162817168,6.965488623333801,5,395,0.3315652867734169,6.0
29,8.67855615370123,21.034760652655955,9.460232775885563,1,225,2.1134804851888367,2.0
30,5.0518847144585415,23.55373651288783,8.155693129986318,5,14,1.745343326426224,6.0
31,6.847012111927624,23.087055015743896,8.974056517708242,5,235,3.2084369961069363,2.0
32,,22.11053905235365,32.513185465525964,5,0,3.9116026750170834,2.0
33,4.597292518303258,21.59932683666841,7.884519423131795,3,400,2.224020154570338,2.0
34,10.190215908149378,22.68807585701814,7.462588469094321,4,316,1.290745553110335,3.0
35,9.318973472876056,1.714548519562598,5.976214938990221,2,272,0.173603133192691,2.0
36,9.331517536596891,22.616014660103776,8.612260576307527,3,10041,3.698573320894384,4.0
37,6.454619710413324,23.593953108716832,6.40386181220428,5,337,3.6764628611146377,9.0
38,4.48278638316747,0.515094794475889,5.12157983215727,1,108,1.0119606719569645,6.0
39,7.742551978932716,22.81814801189647,8.227361479535837,5,35,2.78164449242659,1.0
40,5.989571585526562,1.858910413604804,5.885553397035245,4,384,0.301738188359077,8.0
41,4.8035797053436005,1.812236474710556,9.702292921764569,5,191,0.6648617276370117,
42,7.13372480716833,22.25891147912682,9.769642885012937,1,7968,0.8672364263459649,10.0
43,4.3022221657681445,23.48624252946193,9.574321951102242,4,375,1.1779757873577197,3.0
44,9.133169827310079,22.50439154908385,6.850793501277224,5,210,-1.0,1.0
45,5.260037865911148,22.424202471887337,5.077283082644335,4,0,2.7877002234552597,5.0
46,7.462184292902494,21.184434736772666,9.641592812938626,2,136,1.5368073255168797,
47,5.408864860592604,0.0478216698994842,7.140920741586569,2,86,2.948402823372077,10.0
48,6.5838848134854,23.51339511614431,9.83327409521835,5,429,3.6610173666764254,8.0
49,7.885192440855224,21.257393756249947,9.818099885446266,4,214,3.8348096296313847,1.0
50,5.567006724021462,22.393232321183056,9.265047277336803,1,71,0.2314555910308295,
51,10.022450946435894,1.5413294298332687,6.47224446034793,5,259,1.5780871944325194,1.0
52,9.228895600295555,22.197809453334862,31.925488643009626,2,242,0.4270242637435375,4.0
53,,21.724474360456117,9.255683357584289,2,237,1.3426402591878528,8.0
54,10.229661085526246,23.447263801387816,6.584610025781387,5,233,0.6787196155822621,5.0
55,7.43000972421635,1.9282522705530027,5.847463733430462,4,380,2.587393446674896,2.0
56,9.628265304868599,22.210276357557504,7.784006312291751,2,27,1.5530735359594887,6.0
57,4.359796566836415,0.3606777370293912,9.680773870803904,4,361,0.9175789828197988,5.0
58,5.328909343650345,0.8080980766435886,8.48014898337486,2,322,1.0637516998569558,2.0
59,5.904169466949361,22.188187719962,7.850305850446823,2,103,1.441380380821073,3.0
60,6.137676724412861,0.6410817430592992,5.485882468853845,3,381,1.0397994514170508,9.0
61,6.799671178051258,22.838915663596268,33.07503613349585,2,26,1.812963387315324,7.0
62,5.918343221562084,0.1615291529678977,9.950269250521316,1,91,0.1292638044386018,7.0
63,9.925540797036138,0.1676485538044723,5.7004200761826205,5,393,1.1190540286757829,6.0
64,6.63865364903056,23.678873420373797,7.591648261818683,5,38,1.644826883488745,8.0
65,,21.45144885027204,9.386865359639778,4,397,2.411127528093194,4.0
66,,1.17651247794619,8.703843088771023,2,92,1.0838305700605195,8.0
67,4.8550690354713915,22.60390032485868,8.485078704976338,1,161,0.5327405008949988,4.0
68,,21.93259255199927,8.512420419935545,4,107,0.3048015183966526,8.0
69,4.76661420548504,21.20387570777382,6.797455756098778,3,67,3.7621273085415337,9.0
70,10.067248309268424,23.95446471594121,6.467959221322467,4,17,1.6665562309539168,3.0
71,8.706689423283956,0.3878218092114132,9.046805777392564,4,145,2.324650484723305,3.0
72,5.298599346291891,21.08293914463928,9.050566973395902,2,201,3.6767062073422383,2.0
73,4.196282350856865,23.560465291496406,9.33536159290052,3,59,0.3309936801412245,10.0
74,8.279669716669423,22.13247887598969,9.566202762782352,4,153,3.506645943703171,3.0
75,7.945153739171204,0.2258639520472485,7.556711994304688,1,437,2.20635149017628,3.0
76,,21.87183214502496,7.507581473435998,1,217,0.6593370445480038,5.0
77,7.828774915020281,0.4546886905123308,8.991475894833876,5,126,1.6450204663414765,5.0
78,4.932775095604876,22.93367673150269,8.249819653888828,3,0,-2.0,2.0
79,6.698402830953044,1.6836499436836725,8.509834386288517,3,158,1.9214803274654184,10.0
80,4.7527635825060175,21.687604720729965,8.978963347180503,5,223,3.941144202662018,6.0
81,8.533074174986856,22.705331755251294,34.45002670908783,4,205,1.506955879751763,5.0
82,7.66915174720675,21.567367606202943,6.68997578425768,3,249,2.998313199904288,6.0
83,,1.623468091392816,6.877914763199719,1,359,1.5719577959154365,1.0
84,4.3857227587622,1.3866967669049046,5.469909699204344,1,159,3.3166568828260576,5.0
85,5.908048851618485,22.28970813857578,7.891400704980871,2,227,2.2763258766629906,9.0
86,6.424658785575544,0.2999202301708941,5.17971136898371,3,104,0.2540473183600054,10.0
87,7.948381332158218,1.0861110010060813,7.327990090662301,4,49,0.1472874705439655,2.0
88,7.796621853595994,23.776004057997312,7.713223173537884,5,56,0.5354084752025328,1.0
89,9.884110574960165,23.648252891780032,6.432706260641421,5,209,0.0546878593079891,10.0
90,7.216898492988847,22.209261454502258,7.954166302845053,4,225,0.3014362414098492,9.0
91,4.455410931748598,21.46551383902949,5.1525012496952485,2,8,2.766857588675648,10.0
92,8.689939145167324,1.4860787897666334,5.186740943746074,5,201,2.1373851001178523,
93,7.984395289913747,1.502090285816653,9.113002803298292,3,100,2.9996429978798878,9.0
94,6.59550654308113,0.1655072863663385,6.800953207056317,2,165,3.6526630090305714,6.0
95,7.890436480877287,22.695148955243504,5.635302563259423,3,184,2.340598129301888,8.0
96,8.28858950467627,22.746047873063304,7.611216300274023,1,398,2.9044833762873923,1.0
97,6.595422809129248,0.6297783943511988,8.849967765493055,2,318,3.0283248081698235,10.0
98,7.5176064367260755,1.4855512997628857,6.079105137484216,5,121,1.5114021971031455,4.0
99,4.586848874181539,1.4354321213255865,8.114452379094999,2,0,0.9643393293185274,1.0
100,4.887650363664102,0.8993777292881191,5.42673732496884,2,0,0.8201813140260996,8.0
1,,21.15714592843367,8.210158230771441,5,131,2.053304674769572,1.0
2,9.67401968239059,0.1820520563189021,5.4206998249752445,4,88,0.9329122896981112,3.0
3,8.60206372385107,22.571779905381632,5.808143570473071,3,149,-1.5,4.0
4,7.981449319008893,23.542853455823515,9.492770942635396,4,419,3.4525540879560155,1.0
5,4.969502766225888,1.5378323696304648,8.032145298297948,5,166,3.5214398745536672,1.0
6,4.917775994076422,22.246461145744377,5.0459852580831495,2,323,0.946740774728315,8.0
7,4.86884583501933,23.05191461517815,5.507357714330162,4,104,-0.5,2.0
8,9.388986478089397,0.7777556927152425,8.317508845540274,2,61,2.3675549552851374,8.0
9,6.64983080183607,22.14399082745811,5.025307919231093,3,351,1.4008729868012542,
10,7.955159237979376,21.384899549143967,5.804040257087493,1,223,2.8327247823327992,10.0
11,3.7196185746634107,22.44875726456884,7.74366894683293,3,293,1.9266679518564611,10.0
12,,21.80610643627002,8.459475988463467,4,235,1.511950360489018,2.0
13,8.562936978614031,1.6484882617128631,8.259806297513002,2,198,2.8203374571866395,6.0
14,5.368175125482976,1.0406018978220857,6.1213465473028,2,369,0.9948966177211518,6.0
15,4.241084244123931,0.1670187825521161,33.56089610673768,5,383,1.321010116076394,3.0
16,,1.357302950938589,6.186245437484001,2,192,1.7378073779530854,2.0
17,5.047732361533678,1.0183603844955726,6.626998490796339,5,223,-3.0,1.0
18,6.93057930543867,21.932850294430175,8.732457025590122,1,194,1.6208083471256685,6.0
19,6.622953312297873,1.46279499244989,8.248164495236075,4,85,2.2858921008200426,5.0
20,5.8627788970841985,23.69671120957825,9.246117052470892,5,76,2.963895443642673,9.0
21,7.943539459227823,1.0372007758203132,8.288064461501719,1,61,3.068779412434287,1.0
22,5.32533795939937,1.4804564996174676,7.841543016677356,2,198,3.291161407506773,7.0
23,6.1373004375982285,22.59001737485932,5.468373839140462,2,152,2.976846627773192,5.0
24,6.071443758212342,21.550259622638382,6.838579015297167,1,227,2.724157708387636,5.0
25,7.055497851339288,22.139675812709708,6.3260118384086255,2,262,0.9500258851698796,2.0
26,8.700018667441144,23.13553894313128,6.219948216895418,1,68,1.6008915714880994,3.0
27,4.051791327693993,1.0900738296124644,9.86505277376223,5,224,1.910859563520911,7.0
28,7.0314893852834315,1.3036529162817168,6.965488623333801,5,383,0.3315652867734169,6.0
29,8.012585754747997,21.034760652655955,9.460232775885563,1,217,2.1134804851888367,2.0
30,3.2281707607282533,23.55373651288783,8.155693129986318,5,19,1.745343326426224,6.0
31,7.811245860586563,23.087055015743896,8.974056517708242,5,253,3.2084369961069363,2.0
32,,22.11053905235365,32.513185465525964,5,0,3.9116026750170834,2.0
33,3.877532888198187,21.59932683666841,7.884519423131795,3,335,2.224020154570338,2.0
34,9.982347984728104,22.68807585701814,7.462588469094321,4,317,1.290745553110335,3.0
35,9.502371429875737,1.714548519562598,5.976214938990221,2,276,0.173603133192691,2.0
36,8.738603096151163,22.616014660103776,8.612260576307527,3,9967,3.698573320894384,4.0
37,4.901224036660135,23.593953108716832,6.40386181220428,5,328,3.6764628611146377,9.0
38,4.49062706418048,0.515094794475889,5.12157983215727,1,94,1.0119606719569645,6.0
39,7.252808051769688,22.81814801189647,8.227361479535837,5,116,2.78164449242659,1.0
40,7.601012989592194,1.858910413604804,5.885553397035245,4,350,0.301738188359077,8.0
41,4.877181365063777,1.812236474710556,9.702292921764569,5,208,0.6648617276370117,
42,6.8304799213838265,22.25891147912682,9.769642885012937,1,7955,0.8672364263459649,10.0
43,4.075273831433806,23.48624252946193,9.574321951102242,4,404,1.1779757873577197,3.0
44,9.567511889860462,22.50439154908385,6.850793501277224,5,222,-1.0,1.0
45,4.50442298006171,22.424202471887337,5.077283082644335,4,26,2.7877002234552597,5.0
46,7.694354590998369,21.184434736772666,9.641592812938626,2,179,1.5368073255168797,
47,6.729087801947146,0.0478216698994842,7.140920741586569,2,95,2.948402823372077,10.0
48,7.83450012778381,23.51339511614431,9.83327409521835,5,385,3.6610173666764254,8.0
49,6.565339626119404,21.257393756249947,9.818099885446266,4,210,3.8348096296313847,1.0
50,5.544185272312575,22.393232321183056,9.265047277336803,1,96,0.2314555910308295,
51,10.410240186395628,1.5413294298332687,6.47224446034793,5,227,1.5780871944325194,1.0
52,8.932667629031787,22.197809453334862,31.925488643009626,2,300,0.4270242637435375,4.0
53,,21.724474360456117,9.255683357584289,2,176,1.3426402591878528,8.0
54,9.936747622963814,23.447263801387816,6.584610025781387,5,234,0.6787196155822621,5.0
55,7.033065204501714,1.9282522705530027,5.847463733430462,4,339,2.587393446674896,2.0
56,9.17544864680436,22.210276357557504,7.784006312291751,2,94,1.5530735359594887,6.0
57,4.781263883842059,0.3606777370293912,9.680773870803904,4,292,0.9175789828197988,5.0
58,4.0825945015441425,0.8080980766435886,8.48014898337486,2,381,1.0637516998569558,2.0
59,4.2628323993239,22.188187719962,7.850305850446823,2,133,1.441380380821073,3.0
60,4.2661428397044325,0.6410817430592992,5.485882468853845,3,373,1.0397994514170508,9.0
61,6.632495241740599,22.838915663596268,33.07503613349585,2,92,1.812963387315324,7.0
62,4.990501283192859,0.1615291529678977,9.950269250521316,1,110,0.1292638044386018,7.0
63,8.466604779846305,0.1676485538044723,5.7004200761826205,5,372,1.1190540286757829,6.0
64,6.37429143251335,23.678873420373797,7.591648261818683,5,57,1.644826883488745,8.0
65,,21.45144885027204,9.386865359639778,4,389,2.411127528093194,4.0
66,,1.17651247794619,8.703843088771023,2,58,1.0838305700605195,8.0
67,5.188785807586679,22.60390032485868,8.485078704976338,1,153,0.5327405008949988,4.0
68,,21.93259255199927,8.512420419935545,4,127,0.3048015183966526,8.0
69,4.933883532569161,21.20387570777382,6.797455756098778,3,41,3.7621273085415337,9.0
70,9.565508652625725,23.95446471594121,6.467959221322467,4,39,1.6665562309539168,3.0
71,8.380214494357098,0.3878218092114132,9.046805777392564,4,63,2.324650484723305,3.0
72,5.055522141678757,21.08293914463928,9.050566973395902,2,139,3.6767062073422383,2.0
73,4.32105100475475,23.560465291496406,9.33536159290052,3,19,0.3309936801412245,10.0
74,9.549219144819432,22.13247887598969,9.566202762782352,4,169,3.506645943703171,3.0
75,8.781070929372344,0.2258639520472485,7.556711994304688,1,380,2.20635149017628,3.0
76,,21.87183214502496,7.507581473435998,1,199,0.6593370445480038,5.0
77,7.898251985826149,0.4546886905123308,8.991475894833876,5,168,1.6450204663414765,5.0
78,4.684361433402065,22.93367673150269,8.249819653888828,3,0,-2.0,2.0
79,6.489463863660888,1.6836499436836725,8.509834386288517,3,132,1.9214803274654184,10.0
80,4.445174309378892,21.687604720729965,8.978963347180503,5,210,3.941144202662018,6.0
81,8.509099828128923,22.705331755251294,34.45002670908783,4,261,1.506955879751763,5.0
82,7.366277840774279,21.567367606202943,6.68997578425768,3,214,2.998313199904288,6.0
83,,1.623468091392816,6.877914763199719,1,345,1.5719577959154365,1.0
84,4.625896029496815,1.3866967669049046,5.469909699204344,1,177,3.3166568828260576,5.0
85,5.102077621773053,22.28970813857578,7.891400704980871,2,241,2.2763258766629906,9.0
86,6.454261794396895,0.2999202301708941,5.17971136898371,3,81,0.2540473183600054,10.0
87,8.88208363957597,1.0861110010060813,7.327990090662301,4,0,0.1472874705439655,2.0
88,8.400645861120172,23.776004057997312,7.713223173537884,5,28,0.5354084752025328,1.0
89,9.23819098511452,23.648252891780032,6.432706260641421,5,288,0.0546878593079891,10.0
90,6.888589440883201,22.209261454502258,7.954166302845053,4,200,0.3014362414098492,9.0
91,4.902045699413957,21.46551383902949,5.1525012496952485,2,17,2.766857588675648,10.0
92,8.263112796724878,1.4860787897666334,5.186740943746074,5,126,2.1373851001178523,
93,8.129166372168472,1.502090285816653,9.113002803298292,3,163,2.9996429978798878,9.0
94,7.169150555930293,0.1655072863663385,6.800953207056317,2,204,3.6526630090305714,6.0
95,8.239912430989932,22.695148955243504,5.635302563259423,3,197,2.340598129301888,8.0
96,7.3869214145181505,22.746047873063304,7.611216300274023,1,399,2.9044833762873923,1.0
97,6.676435202678366,0.6297783943511988,8.849967765493055,2,307,3.0283248081698235,10.0
98,6.507056542954733,1.4855512997628857,6.079105137484216,5,101,1.5114021971031455,4.0
99,4.673564266185349,1.4354321213255865,8.114452379094999,2,0,0.9643393293185274,1.0
100,4.950289699300878,0.8993777292881191,5.42673732496884,2,0,0.8201813140260996,8.0
1,,21.15714592843367,8.210158230771441,5,133,2.053304674769572,1.0
2,9.246451580507452,0.1820520563189021,5.4206998249752445,4,154,0.9329122896981112,3.0
3,9.009099898024141,22.571779905381632,5.808143570473071,3,59,-1.5,4.0
4,8.16611125077303,23.542853455823515,9.492770942635396,4,357,3.4525540879560155,1.0
5,5.453500458634862,1.5378323696304648,8.032145298297948,5,154,3.5214398745536672,1.0
6,5.343892562535894,22.246461145744377,5.0459852580831495,2,350,0.946740774728315,8.0
7,3.795927114645442,23.05191461517815,5.507357714330162,4,106,-0.5,2.0
8,9.192688711416308,0.7777556927152425,8.317508845540274,2,29,2.3675549552851374,8.0
9,6.5916064111617185,22.14399082745811,5.025307919231093,3,353,1.4008729868012542,
10,7.867660752786585,21.384899549143967,5.804040257087493,1,234,2.8327247823327992,10.0
11,3.5025973550747858,22.44875726456884,7.74366894683293,3,318,1.9266679518564611,10.0
12,,21.80610643627002,8.459475988463467,4,257,1.511950360489018,2.0
13,8.754470087439298,1.6484882617128631,8.259806297513002,2,129,2.8203374571866395,6.0
14,4.855795930992681,1.0406018978220857,6.1213465473028,2,370,0.9948966177211518,6.0
15,5.557519547737517,0.1670187825521161,33.56089610673768,5,352,1.321010116076394,3.0
16,,1.357302950938589,6.186245437484001,2,200,1.7378073779530854,2.0
17,5.2036976769237535,1.0183603844955726,6.626998490796339,5,254,-3.0,1.0
18,7.592809253392154,21.932850294430175,8.732457025590122,1,193,1.6208083471256685,6.0
19,5.381661642397513,1.46279499244989,8.248164495236075,4,89,2.2858921008200426,5.0
20,5.120063024617781,23.69671120957825,9.246117052470892,5,7,2.963895443642673,9.0
21,7.131406370131919,1.0372007758203132,8.288064461501719,1,82,3.068779412434287,1.0
22,4.5685743564679155,1.4804564996174676,7.841543016677356,2,197,3.291161407506773,7.0
23,6.729552412904372,22.59001737485932,5.468373839140462,2,127,2.976846627773192,5.0
24,6.850087556446044,21.550259622638382,6.838579015297167,1,139,2.724157708387636,5.0
25,6.903141694525824,22.139675812709708,6.3260118384086255,2,186,0.9500258851698796,2.0
26,9.257435010275431,23.13553894313128,6.219948216895418,1,69,1.6008915714880994,3.0
27,5.020128512703948,1.0900738296124644,9.86505277376223,5,229,1.910859563520911,7.0
28,7.638590527235767,1.3036529162817168,6.965488623333801,5,410,0.3315652867734169,6.0
29,7.050338812518685,21.034760652655955,9.460232775885563,1,195,2.1134804851888367,2.0
30,4.421674571523136,23.55373651288783,8.155693129986318,5,34,1.745343326426224,6.0
31,7.855836178419467,23.087055015743896,8.974056517708242,5,291,3.2084369961069363,2.0
32,,22.11053905235365,32.513185465525964,5,0,3.9116026750170834,2.0
33,4.238586591691382,21.59932683666841,7.884519423131795,3,304,2.224020154570338,2.0
34,9.534952111967977,22.68807585701814,7.462588469094321,4,329,1.290745553110335,3.0
35,9.090318453938432,1.714548519562598,5.976214938990221,2,276,0.173603133192691,2.0
36,8.503888141152942,22.616014660103776,8.612260576307527,3,9953,3.698573320894384,4.0
37,5.331702072924018,23.593953108716832,6.40386181220428,5,369,3.6764628611146377,9.0
38,5.026373042137296,0.515094794475889,5.12157983215727,1,51,1.0119606719569645,6.0
39,9.03216466338724,22.81814801189647,8.227361479535837,5,62,2.78164449242659,1.0
40,5.8318414787604995,1.858910413604804,5.885553397035245,4,386,0.301738188359077,8.0
41,4.570575122806461,1.812236474710556,9.702292921764569,5,186,0.6648617276370117,
42,6.27271604878221,22.25891147912682,9.769642885012937,1,7977,0.8672364263459649,10.0
43,3.914363669735808,23.48624252946193,9.574321951102242,4,347,1.1779757873577197,3.0
44,9.337235223402223,22.50439154908385,6.850793501277224,5,213,-1.0,1.0
45,5.2937777797915,22.424202471887337,5.077283082644335,4,64,2.7877002234552597,5.0
46,7.457852892357395,21.184434736772666,9.641592812938626,2,137,1.5368073255168797,
47,6.541262629025083,0.0478216698994842,7.140920741586569,2,97,2.948402823372077,10.0
48,7.103518779995761,23.51339511614431,9.83327409521835,5,439,3.6610173666764254,8.0
49,6.961579192758705,21.257393756249947,9.818099885446266,4,227,3.8348096296313847,1.0
50,4.520020834375769,22.393232321183056,9.265047277336803,1,121,0.2314555910308295,
51,10.079884278692395,1.5413294298332687,6.47224446034793,5,301,1.5780871944325194,1.0
52,8.60836303033658,22.197809453334862,31.925488643009626,2,294,0.4270242637435375,4.0
53,,21.724474360456117,9.255683357584289,2,247,1.3426402591878528,8.0
54,9.323459924828304,23.447263801387816,6.584610025781387,5,188,0.6787196155822621,5.0
55,7.955474822198721,1.9282522705530027,5.847463733430462,4,374,2.587393446674896,2.0
56,9.792141338132039,22.210276357557504,7.784006312291751,2,24,1.5530735359594887,6.0
57,4.719578713975639,0.3606777370293912,9.680773870803904,4,321,0.9175789828197988,5.0
58,5.4151338466118215,0.8080980766435886,8.48014898337486,2,336,1.0637516998569558,2.0
59,3.597577171005341,22.188187719962,7.850305850446823,2,167,1.441380380821073,3.0
60,6.523640806456985,0.6410817430592992,5.485882468853845,3,407,1.0397994514170508,9.0
61,7.407873494523133,22.838915663596268,33.07503613349585,2,34,1.812963387315324,7.0
62,4.9855868960724905,0.1615291529678977,9.950269250521316,1,74,0.1292638044386018,7.0
63,9.408167529385748,0.1676485538044723,5.7004200761826205,5,415,1.1190540286757829,6.0
64,6.587860634625727,23.678873420373797,7.591648261818683,5,0,1.644826883488745,8.0
65,,21.45144885027204,9.386865359639778,4,361,2.411127528093194,4.0
66,,1.17651247794619,8.703843088771023,2,76,1.0838305700605195,8.0
67,5.3118766688333725,22.60390032485868,8.485078704976338,1,105,0.5327405008949988,4.0
68,,21.93259255199927,8.512420419935545,4,97,0.3048015183966526,8.0
69,3.946218199283403,21.20387570777382,6.797455756098778,3,26,3.7621273085415337,9.0
70,9.736919752292888,23.95446471594121,6.467959221322467,4,77,1.6665562309539168,3.0
71,9.041284900376827,0.3878218092114132,9.046805777392564,4,109,2.324650484723305,3.0
72,5.6869720833759905,21.08293914463928,9.050566973395902,2,213,3.6767062073422383,2.0
73,4.084114719445022,23.560465291496406,9.33536159290052,3,0,0.3309936801412245,10.0
74,8.798753670446041,22.13247887598969,9.566202762782352,4,158,3.506645943703171,3.0
75,7.5755624012019815,0.2258639520472485,7.556711994304688,1,422,2.20635149017628,3.0
76,,21.87183214502496,7.507581473435998,1,268,0.6593370445480038,5.0
77,8.48979735587258,0.4546886905123308,8.991475894833876,5,133,1.6450204663414765,5.0
78,5.155325561224711,22.93367673150269,8.249819653888828,3,0,-2.0,2.0
79,6.82951787003679,1.6836499436836725,8.509834386288517,3,195,1.9214803274654184,10.0
80,4.886468685462278,21.687604720729965,8.978963347180503,5,222,3.941144202662018,6.0
81,9.071159947216502,22.705331755251294,34.45002670908783,4,195,1.506955879751763,5.0
82,7.070937149045838,21.567367606202943,6.68997578425768,3,223,2.998313199904288,6.0
83,,1.623468091392816,6.877914763199719,1,286,1.5719577959154365,1.0
84,4.527750643798482,1.3866967669049046,5.469909699204344,1,137,3.3166568828260576,5.0
85,4.701315857824379,22.28970813857578,7.891400704980871,2,263,2.2763258766629906,9.0
86,6.602102847241377,0.2999202301708941,5.17971136898371,3,27,0.2540473183600054,10.0
87,8.238703041623891,1.0861110010060813,7.327990090662301,4,23,0.1472874705439655,2.0
88,8.115993637832887,23.776004057997312,7.713223173537884,5,95,0.5354084752025328,1.0
89,9.38161111540729,23.648252891780032,6.432706260641421,5,249,0.0546878593079891,10.0
90,7.288839490768725,22.209261454502258,7.954166302845053,4,229,0.3014362414098492,9.0
91,4.241008418119815,21.46551383902949,5.1525012496952485,2,27,2.766857588675648,10.0
92,8.869571129674561,1.4860787897666334,5.186740943746074,5,148,2.1373851001178523,
93,8.217333282878055,1.502090285816653,9.113002803298292,3,120,2.9996429978798878,9.0
94,7.790224270765299,0.1655072863663385,6.800953207056317,2,133,3.6526630090305714,6.0
95,8.38913918397588,22.695148955243504,5.635302563259423,3,185,2.340598129301888,8.0
96,7.295496068648292,22.746047873063304,7.611216300274023,1,356,2.9044833762873923,1.0
97,7.165150850403797,0.6297783943511988,8.849967765493055,2,316,3.0283248081698235,10.0
98,7.117848411182501,1.4855512997628857,6.079105137484216,5,93,1.5114021971031455,4.0
99,3.5737775075052918,1.4354321213255865,8.114452379094999,2,0,0.9643393293185274,1.0
100,5.169531976851132,0.8993777292881191,5.42673732496884,2,0,0.8201813140260996,8.0
1,,21.15714592843367,8.210158230771441,5,41,2.053304674769572,1.0
2,10.12434171210264,0.1820520563189021,5.4206998249752445,4,100,0.9329122896981112,3.0
3,8.046897361050812,22.571779905381632,5.808143570473071,3,72,-1.5,4.0
4,6.989206766634459,23.542853455823515,9.492770942635396,4,358,3.4525540879560155,1.0
5,5.456226039258055,1.5378323696304648,8.032145298297948,5,171,3.5214398745536672,1.0
6,4.643015803469984,22.246461145744377,5.0459852580831495,2,343,0.946740774728315,8.0
7,4.708839291546155,23.05191461517815,5.507357714330162,4,130,-0.5,2.0
8,8.350993149737754,0.7777556927152425,8.317508845540274,2,24,2.3675549552851374,8.0
9,7.672922243512534,22.14399082745811,5.025307919231093,3,357,1.4008729868012542,
10,7.527714303611935,21.384899549143967,5.804040257087493,1,210,2.8327247823327992,10.0
11,3.1749024037606572,22.44875726456884,7.74366894683293,3,291,1.9266679518564611,10.0
12,,21.80610643627002,8.459475988463467,4,225,1.511950360489018,2.0
13,9.196703366763634,1.6484882617128631,8.259806297513002,2,191,2.8203374571866395,6.0
14,5.660091746260719,1.0406018978220857,6.1213465473028,2,394,0.9948966177211518,6.0
15,4.659104550224134,0.1670187825521161,33.56089610673768,5,327,1.321010116076394,3.0
16,,1.357302950938589,6.186245437484001,2,236,1.7378073779530854,2.0
17,5.902321019214358,1.0183603844955726,6.626998490796339,5,271,-3.0,1.0
18,6.784668083320939,21.932850294430175,8.732457025590122,1,216,1.6208083471256685,6.0
19,5.841252288265508,1.46279499244989,8.248164495236075,4,88,2.2858921008200426,5.0
20,6.043545591984166,23.69671120957825,9.246117052470892,5,41,2.963895443642673,9.0
21,7.548137250966546,1.0372007758203132,8.288064461501719,1,132,3.068779412434287,1.0
22,4.959156897993648,1.4804564996174676,7.841543016677356,2,115,3.291161407506773,7.0
23,6.186754815962804,22.59001737485932,5.468373839140462,2,104,2.976846627773192,5.0
24,6.1000277286484765,21.550259622638382,6.838579015297167,1,203,2.724157708387636,5.0
25,7.11845096526032,22.139675812709708,6.3260118384086255,2,235,0.9500258851698796,2.0
26,9.5859228181326,23.13553894313128,6.219948216895418,1,0,1.6008915714880994,3.0
27,5.591827675378103,1.0900738296124644,9.86505277376223,5,294,1.910859563520911,7.0
28,7.3101697697124495,1.3036529162817168,6.965488623333801,5,348,0.3315652867734169,6.0
29,8.317599448316345,21.034760652655955,9.460232775885563,1,176,2.1134804851888367,2.0
30,4.094292935442959,23.55373651288783,8.155693129986318,5,0,1.745343326426224,6.0
31,7.662613686882306,23.087055015743896,8.974056517708242,5,259,3.2084369961069363,2.0
32,,22.11053905235365,32.513185465525964,5,0,3.9116026750170834,2.0
33,4.1254876643034795,21.59932683666841,7.884519423131795,3,333,2.224020154570338,2.0
34,9.467321653621417,22.68807585701814,7.462588469094321,4,404,1.290745553110335,3.0
35,9.64901272196236,1.714548519562598,5.976214938990221,2,333,0.173603133192691,2.0
36,9.215686889005568,22.616014660103776,8.612260576307527,3,9972,3.698573320894384,4.0
37,5.714301276843718,23.593953108716832,6.40386181220428,5,378,3.6764628611146377,9.0
38,4.750613836844086,0.515094794475889,5.12157983215727,1,47,1.0119606719569645,6.0
39,8.99465636014919,22.81814801189647,8.227361479535837,5,63,2.78164449242659,1.0
40,7.285045174136506,1.858910413604804,5.885553397035245,4,337,0.301738188359077,8.0
41,3.5816511325669786,1.812236474710556,9.702292921764569,5,219,0.6648617276370117,
42,6.87828154459795,22.25891147912682,9.769642885012937,1,8042,0.8672364263459649,10.0
43,3.8458735289480837,23.48624252946193,9.574321951102242,4,394,1.1779757873577197,3.0
44,9.374498487171433,22.50439154908385,6.850793501277224,5,148,-1.0,1.0
45,5.378923271693634,22.424202471887337,5.077283082644335,4,44,2.7877002234552597,5.0
46,8.557679693212236,21.184434736772666,9.641592812938626,2,159,1.5368073255168797,
47,6.778806319372425,0.0478216698994842,7.140920741586569,2,64,2.948402823372077,10.0
48,7.596844956874833,23.51339511614431,9.83327409521835,5,380,3.6610173666764254,8.0
49,7.575940659917506,21.257393756249947,9.818099885446266,4,194,3.8348096296313847,1.0
50,4.43501970550849,22.393232321183056,9.265047277336803,1,82,0.2314555910308295,
51,9.580977192149144,1.5413294298332687,6.47224446034793,5,223,1.5780871944325194,1.0
52,9.14223711905602,22.197809453334862,31.925488643009626,2,318,0.4270242637435375,4.0
53,,21.724474360456117,9.255683357584289,2,184,1.3426402591878528,8.0
54,8.983364448387274,23.447263801387816,6.584610025781387,5,219,0.6787196155822621,5.0
55,8.276944688445353,1.9282522705530027,5.847463733430462,4,399,2.587393446674896,2.0
56,9.106964662798323,22.210276357557504,7.784006312291751,2,6,1.5530735359594887,6.0
57,5.061680302078681,0.3606777370293912,9.680773870803904,4,299,0.9175789828197988,5.0
58,5.119773371664018,0.8080980766435886,8.48014898337486,2,411,1.0637516998569558,2.0
59,3.7679417722812927,22.188187719962,7.850305850446823,2,142,1.441380380821073,3.0
60,5.344438309189232,0.6410817430592992,5.485882468853845,3,324,1.0397994514170508,9.0
61,6.727034565297629,22.838915663596268,33.07503613349585,2,91,1.812963387315324,7.0
62,5.558121271246938,0.1615291529678977,9.950269250521316,1,80,0.1292638044386018,7.0
63,8.943179215683836,0.1676485538044723,5.7004200761826205,5,364,1.1190540286757829,6.0
64,6.846390171165428,23.678873420373797,7.591648261818683,5,73,1.644826883488745,8.0
65,,21.45144885027204,9.386865359639778,4,426,2.411127528093194,4.0
66,,1.17651247794619,8.703843088771023,2,77,1.0838305700605195,8.0
67,5.038053769382782,22.60390032485868,8.485078704976338,1,136,0.5327405008949988,4.0
68,,21.93259255199927,8.512420419935545,4,161,0.3048015183966526,8.0
69,4.650810425817147,21.20387570777382,6.797455756098778,3,7,3.7621273085415337,9.0
70,10.109639886879334,23.95446471594121,6.467959221322467,4,53,1.6665562309539168,3.0
71,8.81754777655036,0.3878218092114132,9.046805777392564,4,134,2.324650484723305,3.0
72,5.09578986867744,21.08293914463928,9.050566973395902,2,219,3.6767062073422383,2.0
73,3.871767394706613,23.560465291496406,9.33536159290052,3,2,0.3309936801412245,10.0
74,9.146604174578904,22.13247887598969,9.566202762782352,4,147,3.506645943703171,3.0
75,8.189711173486693,0.2258639520472485,7.556711994304688,1,444,2.20635149017628,3.0
76,,21.87183214502496,7.507581473435998,1,188,0.6593370445480038,5.0
77,9.241271165051684,0.4546886905123308,8.991475894833876,5,126,1.6450204663414765,5.0
78,4.863391501746016,22.93367673150269,8.249819653888828,3,0,-2.0,2.0
79,5.643949298754338,1.6836499436836725,8.509834386288517,3,156,1.9214803274654184,10.0
80,5.551506941405162,21.687604720729965,8.978963347180503,5,168,3.941144202662018,6.0
81,9.220507149344794,22.705331755251294,34.45002670908783,4,232,1.506955879751763,5.0
82,7.745937744431261,21.567367606202943,6.68997578425768,3,225,2.998313199904288,6.0
83,,1.623468091392816,6.877914763199719,1,327,1.5719577959154365,1.0
84,4.689236230587119,1.3866967669049046,5.469909699204344,1,167,3.3166568828260576,5.0
85,5.464265344128584,22.28970813857578,7.891400704980871,2,189,2.2763258766629906,9.0
86,6.340618823038489,0.2999202301708941,5.17971136898371,3,96,0.2540473183600054,10.0
87,8.639250610086917,1.0861110010060813,7.327990090662301,4,0,0.1472874705439655,2.0
88,7.400292358604731,23.776004057997312,7.713223173537884,5,39,0.5354084752025328,1.0
89,9.422035294179668,23.648252891780032,6.432706260641421,5,209,0.0546878593079891,10.0
90,6.71312584558682,22.209261454502258,7.954166302845053,4,222,0.3014362414098492,9.0
91,4.689891056483784,21.46551383902949,5.1525012496952485,2,0,2.766857588675648,10.0
92,8.350270354079568,1.4860787897666334,5.186740943746074,5,200,2.1373851001178523,
93,8.562501902175589,1.502090285816653,9.113002803298292,3,143,2.9996429978798878,9.0
94,6.773548627098942,0.1655072863663385,6.800953207056317,2,126,3.6526630090305714,6.0
95,8.686529346856974,22.695148955243504,5.635302563259423,3,138,2.340598129301888,8.0
96,6.757168440795854,22.746047873063304,7.611216300274023,1,412,2.9044833762873923,1.0
97,6.191094743645671,0.6297783943511988,8.849967765493055,2,241,3.0283248081698235,10.0
98,6.941240387765731,1.4855512997628857,6.079105137484216,5,97,1.5114021971031455,4.0
99,3.706939255731524,1.4354321213255865,8.114452379094999,2,0,0.9643393293185274,1.0
100,5.0340521512297824,0.8993777292881191,5.42673732496884,2,0,0.8201813140260996,8.0
1,,21.15714592843367,8.210158230771441,5,134,2.053304674769572,1.0
2,9.595844844330088,0.1820520563189021,5.4206998249752445,4,91,0.9329122896981112,3.0
3,7.801142799639154,22.571779905381632,5.808143570473071,3,72,-1.5,4.0
4,7.91333097756535,23.542853455823515,9.492770942635396,4,401,3.4525540879560155,1.0
5,5.07965458738375,1.5378323696304648,8.032145298297948,5,242,3.5214398745536672,1.0
6,5.502120020641595,22.246461145744377,5.0459852580831495,2,297,0.946740774728315,8.0
7,4.915263402927322,23.05191461517815,5.507357714330162,4,68,-0.5,2.0
8,9.286379310051156,0.7777556927152425,8.317508845540274,2,94,2.3675549552851374,8.0
9,6.953957858136358,22.14399082745811,5.025307919231093,3,337,1.4008729868012542,
10,7.5944137259164775,21.384899549143967,5.804040257087493,1,210,2.8327247823327992,10.0
11,4.238369288900654,22.44875726456884,7.74366894683293,3,264,1.9266679518564611,10.0
12,,21.80610643627002,8.459475988463467,4,268,1.511950360489018,2.0
13,9.0538418489108,1.6484882617128631,8.259806297513002,2,205,2.8203374571866395,6.0
14,5.089026171324321,1.0406018978220857,6.1213465473028,2,372,0.9948966177211518,6.0
15,5.4450752804734694,0.1670187825521161,33.56089610673768,5,314,1.321010116076394,3.0
16,,1.357302950938589,6.186245437484001,2,202,1.7378073779530854,2.0
17,5.32745964946295,1.0183603844955726,6.626998490796339,5,259,-3.0,1.0
18,7.725948351810367,21.932850294430175,8.732457025590122,1,169,1.6208083471256685,6.0
19,6.959988453089872,1.46279499244989,8.248164495236075,4,108,2.2858921008200426,5.0
20,6.031125842907824,23.69671120957825,9.246117052470892,5,25,2.963895443642673,9.0
21,7.107164666572977,1.0372007758203132,8.288064461501719,1,69,3.068779412434287,1.0
22,4.655030412710585,1.4804564996174676,7.841543016677356,2,175,3.291161407506773,7.0
23,5.975810174513832,22.59001737485932,5.468373839140462,2,125,2.976846627773192,5.0
24,5.731511035350261,21.550259622638382,6.838579015297167,1,219,2.724157708387636,5.0
25,6.5826954064077645,22.139675812709708,6.3260118384086255,2,259,0.9500258851698796,2.0
26,7.56577668766629,23.13553894313128,6.219948216895418,1,73,1.6008915714880994,3.0
27,5.561315371510638,1.0900738296124644,9.86505277376223,5,295,1.910859563520911,7.0
28,7.170973846372975,1.3036529162817168,6.965488623333801,5,321,0.3315652867734169,6.0
29,7.288964336705104,21.034760652655955,9.460232775885563,1,201,2.1134804851888367,2.0
30,5.364973534840686,23.55373651288783,8.155693129986318,5,28,1.745343326426224,6.0
31,7.544155402221643,23.087055015743896,8.974056517708242,5,248,3.2084369961069363,2.0
32,,22.11053905235365,32.513185465525964,5,0,3.9116026750170834,2.0
33,3.825991070234692,21.59932683666841,7.884519423131795,3,394,2.224020154570338,2.0
34,9.197744320028038,22.68807585701814,7.462588469094321,4,403,1.290745553110335,3.0
35,10.069001119545735,1.714548519562598,5.976214938990221,2,257,0.173603133192691,2.0
36,8.811978692682683,22.616014660103776,8.612260576307527,3,10018,3.698573320894384,4.0
37,5.714629304888904,23.593953108716832,6.40386181220428,5,402,3.6764628611146377,9.0
38,4.504405263256683,0.515094794475889,5.12157983215727,1,82,1.0119606719569645,6.0
39,8.131157775351248,22.81814801189647,8.227361479535837,5,43,2.78164449242659,1.0
40,6.038049530379739,1.858910413604804,5.885553397035245,4,321,0.301738188359077,8.0
41,5.3564712517168385,1.812236474710556,9.702292921764569,5,212,0.6648617276370117,
42,7.060981402042722,22.25891147912682,9.769642885012937,1,7986,0.8672364263459649,10.0
43,4.859390356237715,23.48624252946193,9.574321951102242,4,366,1.1779757873577197,3.0
44,9.879991188051683,22.50439154908385,6.850793501277224,5,186,-1.0,1.0
45,5.296455435536921,22.424202471887337,5.077283082644335,4,6,2.7877002234552597,5.0
46,8.068574017663694,21.184434736772666,9.641592812938626,2,127,1.5368073255168797,
47,5.6498050252004335,0.0478216698994842,7.140920741586569,2,146,2.948402823372077,10.0
48,7.652934298427823,23.51339511614431,9.83327409521835,5,360,3.6610173666764254,8.0
49,6.412323223385174,21.257393756249947,9.818099885446266,4,240,3.8348096296313847,1.0
50,5.8428800419925775,22.393232321183056,9.265047277336803,1,106,0.2314555910308295,
51,9.779513409717843,1.5413294298332687,6.47224446034793,5,214,1.5780871944325194,1.0
52,8.6974433057022,22.197809453334862,31.925488643009626,2,284,0.4270242637435375,4.0
53,,21.724474360456117,9.255683357584289,2,230,1.3426402591878528,8.0
54,9.085628871520518,23.447263801387816,6.584610025781387,5,245,0.6787196155822621,5.0
55,7.232659932971598,1.9282522705530027,5.847463733430462,4,377,2.587393446674896,2.0
56,8.71839428836318,22.210276357557504,7.784006312291751,2,23,1.5530735359594887,6.0
57,4.5120683881397845,0.3606777370293912,9.680773870803904,4,358,0.9175789828197988,5.0
58,5.442161396808342,0.8080980766435886,8.48014898337486,2,332,1.0637516998569558,2.0
59,3.5879501867574826,22.188187719962,7.850305850446823,2,111,1.441380380821073,3.0
60,6.581395920704643,0.6410817430592992,5.485882468853845,3,324,1.0397994514170508,9.0
61,6.705014491638831,22.838915663596268,33.07503613349585,2,32,1.812963387315324,7.0
62,5.955307594961048,0.1615291529678977,9.950269250521316,1,54,0.1292638044386018,7.0
63,9.476330121727772,0.1676485538044723,5.7004200761826205,5,354,1.1190540286757829,6.0
64,6.3360307180781525,23.678873420373797,7.591648261818683,5,0,1.644826883488745,8.0
65,,21.45144885027204,9.386865359639778,4,374,2.411127528093194,4.0
66,,1.17651247794619,8.703843088771023,2,53,1.0838305700605195,8.0
67,5.466176718948019,22.60390032485868,8.485078704976338,1,102,0.5327405008949988,4.0
68,,21.93259255199927,8.512420419935545,4,175,0.3048015183966526,8.0
69,4.33681309653812,21.20387570777382,6.797455756098778,3,18,3.7621273085415337,9.0
70,10.22346470830364,23.95446471594121,6.467959221322467,4,1,1.6665562309539168,3.0
71,8.645473587013996,0.3878218092114132,9.046805777392564,4,134,2.324650484723305,3.0
72,5.154420705600041,21.08293914463928,9.050566973395902,2,181,3.6767062073422383,2.0
73,4.055364261673778,23.560465291496406,9.33536159290052,3,61,0.3309936801412245,10.0
74,8.503542866814836,22.13247887598969,9.566202762782352,4,136,3.506645943703171,3.0
75,8.42609504211259,0.2258639520472485,7.556711994304688,1,404,2.20635149017628,3.0
76,,21.87183214502496,7.507581473435998,1,236,0.6593370445480038,5.0
77,8.293423724584196,0.4546886905123308,8.991475894833876,5,140,1.6450204663414765,5.0
78,5.745778171977646,22.93367673150269,8.249819653888828,3,0,-2.0,2.0
79,5.826069373640171,1.6836499436836725,8.509834386288517,3,172,1.9214803274654184,10.0
80,5.1997222994557015,21.687604720729965,8.978963347180503,5,255,3.941144202662018,6.0
81,9.476870054916157,22.705331755251294,34.45002670908783,4,227,1.506955879751763,5.0
82,7.7822362697030405,21.567367606202943,6.68997578425768,3,270,2.998313199904288,6.0
83,,1.623468091392816,6.877914763199719,1,303,1.5719577959154365,1.0
84,4.066913087434104,1.3866967669049046,5.469909699204344,1,114,3.3166568828260576,5.0
85,6.049949880135369,22.28970813857578,7.891400704980871,2,199,2.2763258766629906,9.0
86,6.204572572647299,0.2999202301708941,5.17971136898371,3,61,0.2540473183600054,10.0
87,7.924923850541557,1.0861110010060813,7.327990090662301,4,0,0.1472874705439655,2.0
88,7.5970955446159865,23.776004057997312,7.713223173537884,5,72,0.5354084752025328,1.0
89,8.96061635652563,23.648252891780032,6.432706260641421,5,253,0.0546878593079891,10.0
90,5.903733449529953,22.209261454502258,7.954166302845053,4,197,0.3014362414098492,9.0
91,4.68640016542306,21.46551383902949,5.1525012496952485,2,0,2.766857588675648,10.0
92,8.25718813730645,1.4860787897666334,5.186740943746074,5,173,2.1373851001178523,
93,9.197633991729797,1.502090285816653,9.113002803298292,3,123,2.9996429978798878,9.0
94,7.218394042175453,0.1655072863663385,6.800953207056317,2,156,3.6526630090305714,6.0
95,7.682827089992232,22.695148955243504,5.635302563259423,3,127,2.340598129301888,8.0
96,6.420184228042178,22.746047873063304,7.611216300274023,1,385,2.9044833762873923,1.0
97,7.37076928207308,0.6297783943511988,8.849967765493055,2,249,3.0283248081698235,10.0
98,6.085956924618272,1.4855512997628857,6.079105137484216,5,122,1.5114021971031455,4.0
99,4.514351959019469,1.4354321213255865,8.114452379094999,2,0,0.9643393293185274,1.0
100,4.077420720572727,0.8993777292881191,5.42673732496884,2,20,0.8201813140260996,8.0
1,,21.15714592843367,8.210158230771441,5,80,2.053304674769572,1.0
2,10.781580401971606,0.1820520563189021,5.4206998249752445,4,98,0.9329122896981112,3.0
3,9.266786172351846,22.571779905381632,5.808143570473071,3,103,-1.5,4.0
4,7.384607278349188,23.542853455823515,9.492770942635396,4,357,3.4525540879560155,1.0
5,4.963100832897244,1.5378323696304648,8.032145298297948,5,164,3.5214398745536672,1.0
6,3.756902583513061,22.246461145744377,5.0459852580831495,2,291,0.946740774728315,8.0
7,4.534144428371147,23.05191461517815,5.507357714330162,4,144,-0.5,2.0
8,8.543839276795278,0.7777556927152425,8.317508845540274,2,93,2.3675549552851374,8.0
9,7.137290442476145,22.14399082745811,5.025307919231093,3,350,1.4008729868012542,
10,8.90330568353899,21.384899549143967,5.804040257087493,1,176,2.8327247823327992,10.0
11,4.6019953651983645,22.44875726456884,7.74366894683293,3,267,1.9266679518564611,10.0
12,,21.80610643627002,8.459475988463467,4,256,1.511950360489018,2.0
13,9.444930415154168,1.6484882617128631,8.259806297513002,2,134,2.8203374571866395,6.0
14,5.758981573512459,1.0406018978220857,6.1213465473028,2,433,0.9948966177211518,6.0
15,4.921579873646735,0.1670187825521161,33.56089610673768,5,333,1.321010116076394,3.0
16,,1.357302950938589,6.186245437484001,2,167,1.7378073779530854,2.0
17,5.820338849556311,1.0183603844955726,6.626998490796339,5,217,-3.0,1.0
18,7.298262112137367,21.932850294430175,8.732457025590122,1,142,1.6208083471256685,6.0
19,6.470401891860507,1.46279499244989,8.248164495236075,4,50,2.2858921008200426,5.0
20,5.893878599064834,23.69671120957825,9.246117052470892,5,26,2.963895443642673,9.0
21,6.126124519821766,1.0372007758203132,8.288064461501719,1,65,3.068779412434287,1.0
22,4.363859262001262,1.4804564996174676,7.841543016677356,2,197,3.291161407506773,7.0
23,5.763874232419381,22.59001737485932,5.468373839140462,2,185,2.976846627773192,5.0
24,6.156102298016626,21.550259622638382,6.838579015297167,1,218,2.724157708387636,5.0
25,6.937179063435682,22.139675812709708,6.3260118384086255,2,174,0.9500258851698796,2.0
26,8.231254509182952,23.13553894313128,6.219948216895418,1,7,1.6008915714880994,3.0
27,4.5295927277340855,1.0900738296124644,9.86505277376223,5,265,1.910859563520911,7.0
28,7.2635020494055365,1.3036529162817168,6.965488623333801,5,398,0.3315652867734169,6.0
29,7.977444871059446,21.034760652655955,9.460232775885563,1,224,2.1134804851888367,2.0
30,4.139721254649669,23.55373651288783,8.155693129986318,5,5,1.745343326426224,6.0
31,7.566202696438703,23.087055015743896,8.974056517708242,5,278,3.2084369961069363,2.0
32,,22.11053905235365,32.513185465525964,5,0,3.9116026750170834,2.0
33,4.822813738035171,21.59932683666841,7.884519423131795,3,343,2.224020154570338,2.0
34,10.644846974879705,22.68807585701814,7.462588469094321,4,327,1.290745553110335,3.0
35,9.72356006355223,1.714548519562598,5.976214938990221,2,238,0.173603133192691,2.0
36,8.83514443837391,22.616014660103776,8.612260576307527,3,10008,3.698573320894384,4.0
37,5.88028173678596,23.593953108716832,6.40386181220428,5,381,3.6764628611146377,9.0
38,3.776134929681922,0.515094794475889,5.12157983215727,1,65,1.0119606719569645,6.0
39,8.456482813538795,22.81814801189647,8.227361479535837,5,90,2.78164449242659,1.0
40,7.679389178827281,1.858910413604804,5.885553397035245,4,349,0.301738188359077,8.0
41,4.721938149350257,1.812236474710556,9.702292921764569,5,208,0.6648617276370117,
42,6.447594949540337,22.25891147912682,9.769642885012937,1,7962,0.8672364263459649,10.0
43,3.8332786751932963,23.48624252946193,9.574321951102242,4,434,1.1779757873577197,3.0
44,9.748758511502444,22.50439154908385,6.850793501277224,5,157,-1.0,1.0
45,5.311302699734925,22.424202471887337,5.077283082644335,4,41,2.7877002234552597,5.0
46,8.179435795561222,21.184434736772666,9.641592812938626,2,169,1.5368073255168797,
47,5.817561537302743,0.0478216698994842,7.140920741586569,2,123,2.948402823372077,10.0
48,7.492690054568302,23.51339511614431,9.83327409521835,5,369,3.6610173666764254,8.0
49,7.405241660719757,21.257393756249947,9.818099885446266,4,268,3.8348096296313847,1.0
50,5.165953832202511,22.393232321183056,9.265047277336803,1,95,0.2314555910308295,
51,9.371078689349739,1.5413294298332687,6.47224446034793,5,306,1.5780871944325194,1.0
52,10.07681774018851,22.197809453334862,31.925488643009626,2,298,0.4270242637435375,4.0
53,,21.724474360456117,9.255683357584289,2,243,1.3426402591878528,8.0
54,8.659032328189042,23.447263801387816,6.584610025781387,5,218,0.6787196155822621,5.0
55,7.644997422702742,1.9282522705530027,5.847463733430462,4,363,2.587393446674896,2.0
56,10.286817047405071,22.210276357557504,7.784006312291751,2,15,1.5530735359594887,6.0
57,4.655787230038874,0.3606777370293912,9.680773870803904,4,334,0.9175789828197988,5.0
58,6.228637737921597,0.8080980766435886,8.48014898337486,2,394,1.0637516998569558,2.0
59,3.825575064667455,22.188187719962,7.850305850446823,2,133,1.441380380821073,3.0
60,5.417832813654823,0.6410817430592992,5.485882468853845,3,419,1.0397994514170508,9.0
61,5.77505938725367,22.838915663596268,33.07503613349585,2,103,1.812963387315324,7.0
62,5.536370586905041,0.1615291529678977,9.950269250521316,1,51,0.1292638044386018,7.0
63,8.745889265704541,0.1676485538044723,5.7004200761826205,5,424,1.1190540286757829,6.0
64,5.766762046466651,23.678873420373797,7.591648261818683,5,28,1.644826883488745,8.0
65,,21.45144885027204,9.386865359639778,4,380,2.411127528093194,4.0
66,,1.17651247794619,8.703843088771023,2,76,1.0838305700605195,8.0
67,4.425818280915526,22.60390032485868,8.485078704976338,1,185,0.5327405008949988,4.0
68,,21.93259255199927,8.512420419935545,4,123,0.3048015183966526,8.0
69,5.010925259430595,21.20387570777382,6.797455756098778,3,33,3.7621273085415337,9.0
70,9.580803651260743,23.95446471594121,6.467959221322467,4,70,1.6665562309539168,3.0
71,9.723856195486778,0.3878218092114132,9.046805777392564,4,58,2.324650484723305,3.0
72,5.575827404018861,21.08293914463928,9.050566973395902,2,215,3.6767062073422383,2.0
73,4.369494772608641,23.560465291496406,9.33536159290052,3,39,0.3309936801412245,10.0
74,8.84242713513699,22.13247887598969,9.566202762782352,4,192,3.506645943703171,3.0
75,8.442750869138678,0.2258639520472485,7.556711994304688,1,383,2.20635149017628,3.0
76,,21.87183214502496,7.507581473435998,1,227,0.6593370445480038,5.0
77,8.86725663766787,0.4546886905123308,8.991475894833876,5,89,1.6450204663414765,5.0
78,4.335247320264291,22.93367673150269,8.249819653888828,3,0,-2.0,2.0
79,6.163960343277348,1.6836499436836725,8.509834386288517,3,146,1.9214803274654184,10.0
80,4.776836059503439,21.687604720729965,8.978963347180503,5,232,3.941144202662018,6.0
81,8.95363206266972,22.705331755251294,34.45002670908783,4,262,1.506955879751763,5.0
82,7.517712790955385,21.567367606202943,6.68997578425768,3,232,2.998313199904288,6.0
83,,1.623468091392816,6.877914763199719,1,313,1.5719577959154365,1.0
84,4.385436570902497,1.3866967669049046,5.469909699204344,1,144,3.3166568828260576,5.0
85,6.10630309065216,22.28970813857578,7.891400704980871,2,277,2.2763258766629906,9.0
86,4.90601072405188,0.2999202301708941,5.17971136898371,3,105,0.2540473183600054,10.0
87,8.379890455045874,1.0861110010060813,7.327990090662301,4,19,0.1472874705439655,2.0
88,7.941734229346336,23.776004057997312,7.713223173537884,5,28,0.5354084752025328,1.0
89,9.312027650410332,23.648252891780032,6.432706260641421,5,298,0.0546878593079891,10.0
90,7.307459093047535,22.209261454502258,7.954166302845053,4,210,0.3014362414098492,9.0
91,4.731217107802855,21.46551383902949,5.1525012496952485,2,1,2.766857588675648,10.0
92,8.377919135736704,1.4860787897666334,5.186740943746074,5,219,2.1373851001178523,
93,7.48969462339311,1.502090285816653,9.113002803298292,3,163,2.9996429978798878,9.0
94,7.526927739975824,0.1655072863663385,6.800953207056317,2,153,3.6526630090305714,6.0
95,8.57424084959547,22.695148955243504,5.635302563259423,3,183,2.340598129301888,8.0
96,6.889881913116724,22.746047873063304,7.611216300274023,1,362,2.9044833762873923,1.0
97,6.789068129414577,0.6297783943511988,8.849967765493055,2,241,3.0283248081698235,10.0
98,7.099820043844957,1.4855512997628857,6.079105137484216,5,156,1.5114021971031455,4.0
99,5.034522634007297,1.4354321213255865,8.114452379094999,2,0,0.9643393293185274,1.0
100,5.612958075902309,0.8993777292881191,5.42673732496884,2,24,0.8201813140260996,8.0
